{
  "Call_Samtools.Samtools.Exit_Code": "/projects/mgc/Project_1/ram/CromwellWDL_WorkFlow_Development/WorkflowCodes/Genomics_MGC_GenomeGPS_CromwelWDL/Exit_Code.txt",
  "Call_Samtools.Samtools.SAMTOOLS": "/usr/local/apps/bioapps/samtools/samtools-1.5/samtools",
  "Call_Samtools.Samtools.sampleName": "Haha",
  "Call_Samtools.AlignBlock_Run.Failure_Logs": "/projects/mgc/Project_1/ram/CromwellWDL_WorkFlow_Development/WorkflowCodes/Genomics_MGC_GenomeGPS_CromwelWDL/Failure_Logs.txt",
  "Call_Samtools.AlignBlock_Run.InputSamplesFile": "/projects/mgc/Project_1/ram/CromwellWDL_WorkFlow_Development/ConfigFiles/Input_json_Files/inputTSV.txt",
  "Call_Samtools.AlignBlock_Run.Capture_Exit_Code": "/projects/mgc/Project_1/ram/CromwellWDL_WorkFlow_Development/WorkflowCodes/Genomics_MGC_GenomeGPS_CromwelWDL/Exit_Code.txt"
}
