{
  "CallBlock2aTasks.bqsr.Sentieon": "String",
  "CallBlock2aTasks.haplotype.DBSNPIdx": "File",
  "CallBlock2aTasks.realign.KnownSitesIdx": "File",
  "CallBlock2aTasks.haplotype.HaplotyperScript": "File",
  "CallBlock2aTasks.realign.RealignmentScript": "File",
  "CallBlock2aTasks.realign.Threads": "String",
  "CallBlock2aTasks.realign.Sentieon": "String",
  "CallBlock2aTasks.haplotype.DebugMode": "String",
  "CallBlock2aTasks.haplotype.Threads": "String",
  "CallBlock2aTasks.realign.KnownSites": "File",
  "CallBlock2aTasks.bqsr.BqsrScript": "File",
  "CallBlock2aTasks.haplotype.DBSNP": "File",
  "CallBlock2aTasks.realign.SampleName": "String",
  "CallBlock2aTasks.bqsr.KnownSites": "File",
  "CallBlock2aTasks.bqsr.DBSNP": "File",
  "CallBlock2aTasks.haplotype.RecalTable": "File",
  "CallBlock2aTasks.realign.Ref": "File",
  "CallBlock2aTasks.realign.InputAlignedSortedDedupedBam": "File",
  "CallBlock2aTasks.haplotype.Ref": "File",
  "CallBlock2aTasks.bqsr.RefFai": "File",
  "CallBlock2aTasks.haplotype.SampleName": "String",
  "CallBlock2aTasks.realign.DebugMode": "String",
  "CallBlock2aTasks.realign.SentieonLicense": "String",
  "CallBlock2aTasks.bqsr.DBSNPIdx": "File",
  "CallBlock2aTasks.realign.InputAlignedSortedDedupedBamIdx": "File",
  "CallBlock2aTasks.bqsr.KnownSitesIdx": "File",
  "CallBlock2aTasks.realign.RefFai": "File",
  "CallBlock2aTasks.bqsr.DebugMode": "String",
  "CallBlock2aTasks.bqsr.Ref": "File",
  "CallBlock2aTasks.bqsr.SampleName": "String",
  "CallBlock2aTasks.haplotype.Sentieon": "String",
  "CallBlock2aTasks.bqsr.Threads": "String",
  "CallBlock2aTasks.haplotype.SentieonLicense": "String",
  "CallBlock2aTasks.bqsr.SentieonLicense": "String",
  "CallBlock2aTasks.haplotype.InputAlignedSortedDedupedRealignedBamIdx": "File"
}
