{
    "Adapters": "File",
    "AlignEnvProfile": "File",
    "AlignmentScript": "File",
    "AnnotateText": "String",
    "BqsrEnvProfile": "File",
    "BqsrKnownSites": "String",
    "BqsrScript": "File",
    "ChunkSizeInBases": "Integer",
    "CutAdapt": "Directory",
    "CutAdaptThreads": "Integer",
    "DBSNP": "File",
    "DBSNPIdx": "File",
    "DedupEnvProfile": "File",
    "DebugMode": "DebugMode",
    "DedupScript": "File",
    "DeliveryAlignment_Script": "File",
    "DeliveryHaplotyperVC_Script": "File",
    "DeliveryFolder_Alignment": "OutputDirectory",
    "DeliveryFolder_HaplotyperVC": "OutputDirectory",
    "Group": "String",
    "HaplotyperEnvProfile": "File",
    "HaplotyperExtraOptions": "String",
    "HaplotyperScript": "File",
    "InputReads": "[File]",
    "PairedEnd": "Boolean",
    "Platform": "String",
    "RealignmentKnownSites": "String",
    "RealignEnvProfile": "File",
    "RealignmentScript": "File",
    "Ref": "File",
    "RefAmb": "File",
    "RefAnn": "File",
    "RefBwt": "File",
    "RefDict": "File",
    "RefFai": "File",
    "RefPac": "File",
    "RefSa": "File",
    "SampleName": "String",
    "Sentieon": "String",
    "SentieonThreads": "Integer",
    "Threads": "Integer",
    "TrimEnvProfile": "File",
    "TrimSeqScript": "File",
    "VqsrEnvProfile": "File",
    "VqsrIndelResourceString": "String",
    "VqsrScript": "File",
    "VqsrSnpResourceString": "String",
    "WorkflowJson": "File"
}