{
  "CallAlignmentTasks.align.RefAnn": "File",
  "CallAlignmentTasks.align.RefSa": "File",
  "CallAlignmentTasks.trimseq.Threads": "String",
  "CallAlignmentTasks.trimseq.InputRead2": "String",
  "CallAlignmentTasks.align.Threads": "String",
  "CallAlignmentTasks.dedup.SentieonLicense": "String",
  "CallAlignmentTasks.align.SampleName": "String",
  "CallAlignmentTasks.dedup.DebugMode": "String",
  "CallAlignmentTasks.dedup.Sentieon": "String",
  "CallAlignmentTasks.align.PairedEnd": "Boolean",
  "CallAlignmentTasks.trimseq.CutAdapt": "String",
  "CallAlignmentTasks.dedup.DedupScript": "File",
  "CallAlignmentTasks.align.RefBwt": "File",
  "CallAlignmentTasks.dedup.SampleName": "String",
  "CallAlignmentTasks.trimseq.InputRead1": "File",
  "CallAlignmentTasks.trimseq.TrimSeqScript": "File",
  "CallAlignmentTasks.trimseq.PairedEnd": "Boolean",
  "CallAlignmentTasks.align.Sentieon": "String",
  "CallAlignmentTasks.align.DebugMode": "String",
  "CallAlignmentTasks.align.Ref": "File",
  "CallAlignmentTasks.dedup.Threads": "String",
  "CallAlignmentTasks.align.Platform": "String",
  "CallAlignmentTasks.align.Group": "String",
  "CallAlignmentTasks.align.AlignmentScript": "File",
  "CallAlignmentTasks.align.RefPac": "File",
  "CallAlignmentTasks.trimseq.Adapters": "File",
  "CallAlignmentTasks.align.RefAmb": "File",
  "CallAlignmentTasks.trimseq.SampleName": "String",
  "CallAlignmentTasks.trimseq.DebugMode": "String",
  "CallAlignmentTasks.align.SentieonLicense": "String"
}
