{
  "MasterWF.DB2a.SampleName": "NEAT_chr20_21_22",
  "MasterWF.DB1.Sentieon": "/usr/local/apps/bioapps/sentieon/sentieon-genomics-201711.02",
  "MasterWF.DB1.TrimSeqScript": "/projects/mgc/Project_1/ram/CromwellWDL_WorkFlow_Development/WorkflowCodes/MayomicsVC/src/bash_scripts/trim_sequences.sh",
  "MasterWF.DB1.InputRead2": "/projects/mgc/Project_1/KIK/MayomicsVC/NEAT_R2.fq.gz",
  "MasterWF.DB1.RefAnn": "/projects/mgc/Project_1/KIK/Testing_Sentieon_2018/Reference/Homo_sapiens_assembly38.fasta.ann",
  "MasterWF.DB2a.KnownSitesIdx": "/projects/bioinformatics/DataPacks/human/gatk_bundle_Oct_2017/gatk_bundle_hg38/Mills_and_1000G_gold_standard.indels.hg38.vcf.idx",
  "MasterWF.DB1.AlignmentScript": "/projects/mgc/Project_1/ram/CromwellWDL_WorkFlow_Development/WorkflowCodes/MayomicsVC/src/bash_scripts/alignment.sh",
  "MasterWF.DB2a.DebugMode": " ",
  "MasterWF.DB1.RefPac": "/projects/mgc/Project_1/KIK/Testing_Sentieon_2018/Reference/Homo_sapiens_assembly38.fasta.pac",
  "MasterWF.DB1.Adapters": "/projects/bioinformatics/MRW/MayomicsVC-Dev/test_inputs/toy_adapters.fa",
  "MasterWF.DB2a.HaplotyperScript": "/projects/mgc/Project_1/ram/CromwellWDL_WorkFlow_Development/WorkflowCodes/MayomicsVC/src/bash_scripts/haplotyper.sh",
  "MasterWF.DB1.DedupScript": "/projects/mgc/Project_1/ram/CromwellWDL_WorkFlow_Development/WorkflowCodes/MayomicsVC/src/bash_scripts/dedup.sh",
  "MasterWF.DB2a.RefFai": "/projects/mgc/Project_1/KIK/Testing_Sentieon_2018/Reference/Homo_sapiens_assembly38.fasta.fai",
  "MasterWF.DB1.DebugMode": " ",
  "MasterWF.DB2a.RealignmentScript": "/projects/mgc/Project_1/ram/CromwellWDL_WorkFlow_Development/WorkflowCodes/MayomicsVC/src/bash_scripts/realignment.sh",
  "MasterWF.DB2a.Sentieon": "/usr/local/apps/bioapps/sentieon/sentieon-genomics-201711.02",
  "MasterWF.DB1.Ref": "/projects/mgc/Project_1/KIK/Testing_Sentieon_2018/Reference/Homo_sapiens_assembly38.fasta",
  "MasterWF.DB1.SentieonLicense": "bwlm3.ncsa.illinois.edu:8989",
  "MasterWF.DB2a.DBSNPIdx": "/projects/bioinformatics/DataPacks/human/gatk_bundle_Oct_2017/gatk_bundle_hg38/dbsnp_138.hg38.vcf.idx",
  "MasterWF.DB2a.Threads": "40",
  "MasterWF.DB1.CutAdapt": "/usr/local/apps/bioapps/python/Python-3.6.1/bin",
  "MasterWF.DB1.SampleName": "NEAT_chr20_21_22",
  "MasterWF.DB1.Platform": "ILLUMINA",
  "MasterWF.DB2a.SentieonLicense": "bwlm3.ncsa.illinois.edu:8989",
  "MasterWF.DB1.PairedEnd": "true",
  "MasterWF.DB2a.DBSNP": "/projects/bioinformatics/DataPacks/human/gatk_bundle_Oct_2017/gatk_bundle_hg38/dbsnp_138.hg38.vcf",
  "MasterWF.DB1.Threads": "40",
  "MasterWF.DB2a.BqsrScript": "/projects/mgc/Project_1/ram/CromwellWDL_WorkFlow_Development/WorkflowCodes/MayomicsVC/src/bash_scripts/bqsr.sh",
  "MasterWF.DB1.RefSa": "/projects/mgc/Project_1/KIK/Testing_Sentieon_2018/Reference/Homo_sapiens_assembly38.fasta.sa",
  "MasterWF.DB1.InputRead1": "/projects/mgc/Project_1/KIK/MayomicsVC/NEAT_R1.fq.gz",
  "MasterWF.DB1.RefBwt": "/projects/mgc/Project_1/KIK/Testing_Sentieon_2018/Reference/Homo_sapiens_assembly38.fasta.bwt",
  "MasterWF.DB2a.KnownSites": "/projects/bioinformatics/DataPacks/human/gatk_bundle_Oct_2017/gatk_bundle_hg38/Mills_and_1000G_gold_standard.indels.hg38.vcf",
  "MasterWF.DB1.Group": "NEAT_sim",
  "MasterWF.DB1.RefAmb": "/projects/mgc/Project_1/KIK/Testing_Sentieon_2018/Reference/Homo_sapiens_assembly38.fasta.amb",
  "MasterWF.DB2a.Ref": "/projects/mgc/Project_1/KIK/Testing_Sentieon_2018/Reference/Homo_sapiens_assembly38.fasta"
}
