{
  "CallHaplotyperVCTasks.bqsr.Sentieon": "String",
  "CallHaplotyperVCTasks.haplotype.DBSNPIdx": "File",
  "CallHaplotyperVCTasks.realign.KnownSitesIdx": "File",
  "CallHaplotyperVCTasks.haplotype.HaplotyperScript": "File",
  "CallHaplotyperVCTasks.realign.RealignmentScript": "File",
  "CallHaplotyperVCTasks.realign.Threads": "String",
  "CallHaplotyperVCTasks.realign.Sentieon": "String",
  "CallHaplotyperVCTasks.haplotype.DebugMode": "String",
  "CallHaplotyperVCTasks.haplotype.Threads": "String",
  "CallHaplotyperVCTasks.realign.KnownSites": "File",
  "CallHaplotyperVCTasks.bqsr.BqsrScript": "File",
  "CallHaplotyperVCTasks.haplotype.DBSNP": "File",
  "CallHaplotyperVCTasks.realign.SampleName": "String",
  "CallHaplotyperVCTasks.bqsr.KnownSites": "File",
  "CallHaplotyperVCTasks.bqsr.DBSNP": "File",
  "CallHaplotyperVCTasks.haplotype.RecalTable": "File",
  "CallHaplotyperVCTasks.realign.Ref": "File",
  "CallHaplotyperVCTasks.realign.InputAlignedSortedDedupedBam": "File",
  "CallHaplotyperVCTasks.haplotype.Ref": "File",
  "CallHaplotyperVCTasks.bqsr.RefFai": "File",
  "CallHaplotyperVCTasks.haplotype.SampleName": "String",
  "CallHaplotyperVCTasks.realign.DebugMode": "String",
  "CallHaplotyperVCTasks.realign.SentieonLicense": "String",
  "CallHaplotyperVCTasks.bqsr.DBSNPIdx": "File",
  "CallHaplotyperVCTasks.realign.InputAlignedSortedDedupedBamIdx": "File",
  "CallHaplotyperVCTasks.bqsr.KnownSitesIdx": "File",
  "CallHaplotyperVCTasks.realign.RefFai": "File",
  "CallHaplotyperVCTasks.bqsr.DebugMode": "String",
  "CallHaplotyperVCTasks.bqsr.Ref": "File",
  "CallHaplotyperVCTasks.bqsr.SampleName": "String",
  "CallHaplotyperVCTasks.haplotype.Sentieon": "String",
  "CallHaplotyperVCTasks.bqsr.Threads": "String",
  "CallHaplotyperVCTasks.haplotype.SentieonLicense": "String",
  "CallHaplotyperVCTasks.bqsr.SentieonLicense": "String",
  "CallHaplotyperVCTasks.haplotype.InputAlignedSortedDedupedRealignedBamIdx": "File"
}
