{
  "CallNovosortTask.sub_CallReadMappingTask.Ref_Pac_File": "/projects/bioinformatics/TestData/HG19/gatk_bundle_2.8/2.8/hg19/ref.chr1.simple_naming.fa.pac",
  "CallNovosortTask.sub_CallReadMappingTask.Ref_Ann_File": "/projects/bioinformatics/TestData/HG19/gatk_bundle_2.8/2.8/hg19/ref.chr1.simple_naming.fa.ann",
  "CallNovosortTask.sub_CallReadMappingTask.Ref_Dict_File": "/projects/bioinformatics/TestData/HG19/gatk_bundle_2.8/2.8/hg19/ref.chr1.simple_naming.dict",
  "CallNovosortTask.sub_CallReadMappingTask.Ref_Bwt_File": "/projects/bioinformatics/TestData/HG19/gatk_bundle_2.8/2.8/hg19/ref.chr1.simple_naming.fa.bwt",
  "CallNovosortTask.NovosortTask.SORT": "/projects/bioinformatics/builds/novocraftV3.04.06.Linux2.6/novosort",
  "CallNovosortTask.sub_CallReadMappingTask.Ref_Sa_File": "/projects/bioinformatics/TestData/HG19/gatk_bundle_2.8/2.8/hg19/ref.chr1.simple_naming.fa.sa",
  "CallNovosortTask.sub_CallReadMappingTask.Ref_Amb_File": "/projects/bioinformatics/TestData/HG19/gatk_bundle_2.8/2.8/hg19/ref.chr1.simple_naming.fa.amb",
  "CallNovosortTask.sub_CallReadMappingTask.Ref_Fai_File": "/projects/bioinformatics/TestData/HG19/gatk_bundle_2.8/2.8/hg19/ref.chr1.simple_naming.fa.fai",
  "CallNovosortTask.NovosortTask.Failure_Logs": "/projects/mgc/Project_1/ram/CromwellWDL_WorkFlow_Development/WorkflowCodes/Genomics_MGC_GenomeGPS_CromwelWDL/Failure_Logs.txt",
  "CallNovosortTask.NovosortTask.Exit_Code": "/projects/mgc/Project_1/ram/CromwellWDL_WorkFlow_Development/WorkflowCodes/Genomics_MGC_GenomeGPS_CromwelWDL/Exit_Code.txt",
  "CallNovosortTask.sub_CallReadMappingTask.RefFasta": "/projects/bioinformatics/TestData/HG19/gatk_bundle_2.8/2.8/hg19/ref.chr1.simple_naming.fa",
  "CallNovosortTask.InputSamplesFile": "/projects/mgc/Project_1/ram/CromwellWDL_WorkFlow_Development/ConfigFiles/Input_json_Files/inputTSV.txt",
  "CallNovosortTask.sub_CallReadMappingTask.BWA": "/usr/local/apps/bioapps/bwa/bwa-0.7.16/bwa",
  "CallNovosortTask.sub_CallReadMappingTask.SAMTOOL": "/usr/local/apps/bioapps/samtools/samtools-1.5/samtools"
}
