{
  "CallAlignmentStageTasks.realignmentTask.Known_Sites": "/projects/mgc/Project_1/KIK/Testing_Sentieon_2018/Reference/Mills_and_1000G_gold_standard.indels.hg38.vcf",
"CallAlignmentStageTasks.realignmentTask.KnownSitesIdx": "/projects/mgc/Project_1/KIK/Testing_Sentieon_2018/Reference/Mills_and_1000G_gold_standard.indels.hg38.vcf.idx",
  "CallAlignmentStageTasks.trimsequencesTask.OutDir": "/projects/mgc/Project_1/ram/CromwellWDL_WorkFlow_Development/WorkflowCodes/Genomics_MGC_GenomeGPS_CromwelWDL/src/single_sample_workflow/json_input_files/ramtests",
  "CallAlignmentStageTasks.trimsequencesTask.CutAdaptTrimming_Script": "/projects/mgc/Project_1/ram/CromwellWDL_WorkFlow_Development/WorkflowCodes/Genomics_MGC_GenomeGPS_CromwelWDL/src/bash_scripts/trim_sequences.sh",
  "CallAlignmentStageTasks.alignmentTask.Ref_Pac_File": "/projects/mgc/Project_1/KIK/Testing_Sentieon_2018/Reference/Homo_sapiens_assembly38.fasta.pac",
  "CallAlignmentStageTasks.alignmentTask.RefFasta": "/projects/mgc/Project_1/KIK/Testing_Sentieon_2018/Reference/Homo_sapiens_assembly38.fasta",
  "CallAlignmentStageTasks.trimsequencesTask.CutAdapt": "/usr/local/apps/bioapps/python/Python-3.6.1/bin",
  "CallAlignmentStageTasks.trimsequencesTask.Is_Single_End": "false",
  "CallAlignmentStageTasks.realignmentTask.Ref_Fai_File": "/projects/mgc/Project_1/KIK/Testing_Sentieon_2018/Reference/Homo_sapiens_assembly38.fasta.fai",
  "CallAlignmentStageTasks.trimsequencesTask.Adapters": "/projects/bioinformatics/MRW/MayomicsVC-Dev/test_inputs/toy_adapters.fa",
  "CallAlignmentStageTasks.trimsequencesTask.Threads": "40",
  "CallAlignmentStageTasks.alignmentTask.Group": "NEAT_sim",
  "CallAlignmentStageTasks.alignmentTask.Ref_Ann_File": "/projects/mgc/Project_1/KIK/Testing_Sentieon_2018/Reference/Homo_sapiens_assembly38.fasta.ann",
  "CallAlignmentStageTasks.alignmentTask.Ref_Amb_File": "/projects/mgc/Project_1/KIK/Testing_Sentieon_2018/Reference/Homo_sapiens_assembly38.fasta.amb",
  "CallAlignmentStageTasks.trimsequencesTask.sampleName": "NEAT_chr20_21_22",
  "CallAlignmentStageTasks.realignmentTask.Realignment_Script": "/projects/mgc/Project_1/ram/CromwellWDL_WorkFlow_Development/WorkflowCodes/Genomics_MGC_GenomeGPS_CromwelWDL/src/bash_scripts/realignment.sh",
  "CallAlignmentStageTasks.alignmentTask.Ref_Sa_File": "/projects/mgc/Project_1/KIK/Testing_Sentieon_2018/Reference/Homo_sapiens_assembly38.fasta.sa",
  "CallAlignmentStageTasks.alignmentTask.Platform": "ILLUMINA",
  "CallAlignmentStageTasks.trimsequencesTask.Error_Logs": "/projects/mgc/Project_1/ram/CromwellWDL_WorkFlow_Development/WorkflowCodes/Genomics_MGC_GenomeGPS_CromwelWDL/src/single_sample_workflow/json_input_files/ramtests/errlog_align.e",
  "CallAlignmentStageTasks.trimsequencesTask.Debug_Mode_EN": "false",
  "CallAlignmentStageTasks.alignmentTask.Sentieon": "/usr/local/apps/bioapps/sentieon/sentieon-genomics-201711.02",
  "CallAlignmentStageTasks.dedupTask.MarkDuplicates_Script": "/projects/mgc/Project_1/ram/CromwellWDL_WorkFlow_Development/WorkflowCodes/Genomics_MGC_GenomeGPS_CromwelWDL/src/bash_scripts/dedup.sh",
  "CallAlignmentStageTasks.alignmentTask.Alignment_Script": "/projects/mgc/Project_1/ram/CromwellWDL_WorkFlow_Development/WorkflowCodes/Genomics_MGC_GenomeGPS_CromwelWDL/src/bash_scripts/alignment.sh",
  "CallAlignmentStageTasks.trimsequencesTask.Input_Read1": "/projects/mgc/Project_1/KIK/MayomicsVC/NEAT_R1.fq.gz",
  "CallAlignmentStageTasks.trimsequencesTask.Input_Read2": "/projects/mgc/Project_1/KIK/MayomicsVC/NEAT_R2.fq.gz",
  "CallAlignmentStageTasks.alignmentTask.Ref_Bwt_File": "/projects/mgc/Project_1/KIK/Testing_Sentieon_2018/Reference/Homo_sapiens_assembly38.fasta.bwt",
  "CallAlignmentStageTasks.alignmentTask.Sentieon_License": "bwlm3.ncsa.illinois.edu:8989"
}
