{
  "RunMarkDuplicatesTask.MarkDuplicatesTask.TempDir": "/projects/mgc/Project_1/ram/CromwellWDL_WorkFlow_Development/WorkflowCodes/Genomics_MGC_GenomeGPS_CromwelWDL/src/single_sample_workflow/DesignBlock_1/Tasks",
  "RunMarkDuplicatesTask.MarkDuplicatesTask.Threads": "16",
  "RunMarkDuplicatesTask.MarkDuplicatesTask.Error_Logs": "/projects/mgc/Project_1/ram/CromwellWDL_WorkFlow_Development/WorkflowCodes/Genomics_MGC_GenomeGPS_CromwelWDL/src/single_sample_workflow/DesignBlock_1/Tasks/error_logs.txt",
  "RunMarkDuplicatesTask.MarkDuplicatesTask.JAVA": "/usr/local/java-1.8.0_91/jre1.8.0_91/bin/",
  "RunMarkDuplicatesTask.MarkDuplicatesTask.PICARD": "/usr/local/apps/bioapps/picard/picard-2.7.1",
  "RunMarkDuplicatesTask.MarkDuplicatesTask.Bash_Script": "/projects/mgc/Project_1/ram/CromwellWDL_WorkFlow_Development/WorkflowCodes/Genomics_MGC_GenomeGPS_CromwelWDL/src/bash_scripts/dedup.sh",
  "RunMarkDuplicatesTask.MarkDuplicatesTask.InputBam": "/projects/mgc/Project_1/ram/CromwellWDL_WorkFlow_Development/WorkflowCodes/Genomics_MGC_GenomeGPS_CromwelWDL/src/single_sample_workflow/DesignBlock_1/Tasks/WGS_chr1_5X_E0.005_copy1.sorted.bam",
  "RunMarkDuplicatesTask.MarkDuplicatesTask.sampleName": "WGS_chr1_5X_E0.005_copy1",
  "RunMarkDuplicatesTask.MarkDuplicatesTask.OutDir": "/projects/mgc/Project_1/ram/CromwellWDL_WorkFlow_Development/WorkflowCodes/Genomics_MGC_GenomeGPS_CromwelWDL/src/single_sample_workflow/DesignBlock_1/Tasks"
}
