{
  "RunTrimInputSquencesTask.TrimInputSquencesTask.Is_Single_End": "false",
  "RunTrimInputSquencesTask.TrimInputSquencesTask.Adapters": "",
  "RunTrimInputSquencesTask.TrimInputSquencesTask.CutAdapt": "",
  "RunTrimInputSquencesTask.TrimInputSquencesTask.Error_Logs": "/projects/mgc/Project_1/ram/CromwellWDL_WorkFlow_Development/WorkflowCodes/Genomics_MGC_GenomeGPS_CromwelWDL/src/single_sample_workflow/DesignBlock_1/Tasks/error_logs.txt",
  "RunTrimInputSquencesTask.TrimInputSquencesTask.OutDir": "/projects/mgc/Project_1/ram/CromwellWDL_WorkFlow_Development/WorkflowCodes/Genomics_MGC_GenomeGPS_CromwelWDL/src/single_sample_workflow/DesignBlock_1/Tasks",
  "RunTrimInputSquencesTask.TrimInputSquencesTask.Threads": "16",
  "RunTrimInputSquencesTask.TrimInputSquencesTask.Input_Read1": "/projects/bioinformatics/DataPacks/human/EllensSyntheticData/WGS_chr1_5X_E0.005/Chunks/WGS_chr1_5X_E0.005_read1.fq.job01of23.gz",
  "RunTrimInputSquencesTask.TrimInputSquencesTask.Bash_Script": "/projects/mgc/Project_1/ram/CromwellWDL_WorkFlow_Development/WorkflowCodes/Genomics_MGC_GenomeGPS_CromwelWDL/src/bash_scripts/ram_trim_seq_test.sh",
  "RunTrimInputSquencesTask.TrimInputSquencesTask.sampleName": "WGS_chr1_5X_E0.005_copy1",
  "RunTrimInputSquencesTask.TrimInputSquencesTask.Input_Read2": "/projects/bioinformatics/DataPacks/human/EllensSyntheticData/WGS_chr1_5X_E0.005/Chunks/WGS_chr1_5X_E0.005_read2.fq.job01of23.gz"
}
