{
  "CallBlock1Tasks.align.RefAnn": "File",
  "CallBlock1Tasks.align.RefSa": "File",
  "CallBlock1Tasks.trimseq.Threads": "String",
  "CallBlock1Tasks.trimseq.InputRead2": "String",
  "CallBlock1Tasks.align.Threads": "String",
  "CallBlock1Tasks.dedup.SentieonLicense": "String",
  "CallBlock1Tasks.align.SampleName": "String",
  "CallBlock1Tasks.dedup.DebugMode": "String",
  "CallBlock1Tasks.dedup.Sentieon": "String",
  "CallBlock1Tasks.align.PairedEnd": "Boolean",
  "CallBlock1Tasks.trimseq.CutAdapt": "String",
  "CallBlock1Tasks.dedup.DedupScript": "File",
  "CallBlock1Tasks.align.RefBwt": "File",
  "CallBlock1Tasks.dedup.SampleName": "String",
  "CallBlock1Tasks.trimseq.InputRead1": "File",
  "CallBlock1Tasks.trimseq.TrimSeqScript": "File",
  "CallBlock1Tasks.trimseq.PairedEnd": "Boolean",
  "CallBlock1Tasks.align.Sentieon": "String",
  "CallBlock1Tasks.align.DebugMode": "String",
  "CallBlock1Tasks.align.Ref": "File",
  "CallBlock1Tasks.dedup.Threads": "String",
  "CallBlock1Tasks.align.Platform": "String",
  "CallBlock1Tasks.align.Group": "String",
  "CallBlock1Tasks.align.AlignmentScript": "File",
  "CallBlock1Tasks.align.RefPac": "File",
  "CallBlock1Tasks.trimseq.Adapters": "File",
  "CallBlock1Tasks.align.RefAmb": "File",
  "CallBlock1Tasks.trimseq.SampleName": "String",
  "CallBlock1Tasks.trimseq.DebugMode": "String",
  "CallBlock1Tasks.align.SentieonLicense": "String"
}
