{
  "AlignBlock_Run.PreExec_QC.Ref_ann_File": " ",
  "AlignBlock_Run.PreExec_QC.ref_fasta": " ",
  "AlignBlock_Run.PreExec_QC.Ref_fai_File": " ",
  "AlignBlock_Run.PreExec_QC.Ref_amb_File": " ",
  "AlignBlock_Run.PreExec_QC.samtool": " ",
  "AlignBlock_Run.InputSamplesFile": " ",
  "AlignBlock_Run.PreExec_QC.bwa": " ",
  "AlignBlock_Run.PreExec_QC.Ref_bwt_File": " ",
  "AlignBlock_Run.Capture_Exit_Code": " ",
  "AlignBlock_Run.PreExec_QC.Ref_sa_File": " ",
  "AlignBlock_Run.PreExec_QC.Ref_pac_File": " ",
  "AlignBlock_Run.PreExec_QC.Ref_dict_File": " ",
  "AlignBlock_Run.PreExec_QC.Java": " ",
  "AlignBlock_Run.PreExec_QC.picard": " ",
  "AlignBlock_Run.PreExec_QC.sort": " ",
  "AlignBlock_Run.Failure_Logs": " "

}
