{
  "CallReadMappingTask.ReadMappingTask.Exit_Code": "String",
  "CallReadMappingTask.ReadMappingTask.Ref_Fai_File": "File",
  "CallReadMappingTask.ReadMappingTask.BWA": "String",
  "CallReadMappingTask.ReadMappingTask.Ref_Amb_File": "File",
  "CallReadMappingTask.ReadMappingTask.SAMTOOL": "String",
  "CallReadMappingTask.ReadMappingTask.Ref_Pac_File": "File",
  "CallReadMappingTask.ReadMappingTask.RefFasta": "File",
  "CallReadMappingTask.ReadMappingTask.Ref_Ann_File": "File",
  "CallReadMappingTask.InputSamplesFile": "File",
  "CallReadMappingTask.ReadMappingTask.Ref_Dict_File": "File",
  "CallReadMappingTask.ReadMappingTask.Ref_Sa_File": "File",
  "CallReadMappingTask.ReadMappingTask.Ref_Bwt_File": "File",
  "CallReadMappingTask.ReadMappingTask.Failure_Logs": "String",
  "CallReadMappingTask.ReadMappingTask.DummyVar": "String"
}
