{
  "CallQualityControlTask.QualityControlTask.Ref_pac_File": "File",
  "CallQualityControlTask.QualityControlTask.bwa": "String",
  "CallQualityControlTask.QualityControlTask.Ref_ann_File": "File",
  "CallQualityControlTask.QualityControlTask.samtool": "String",
  "CallQualityControlTask.QualityControlTask.Ref_dict_File": "File",
  "CallQualityControlTask.QualityControlTask.Java": "String",
  "CallQualityControlTask.QualityControlTask.Ref_bwt_File": "File",
  "CallQualityControlTask.QualityControlTask.ref_fasta": "File",
  "CallQualityControlTask.QualityControlTask.Ref_amb_File": "File",
  "CallQualityControlTask.QualityControlTask.sort": "String",
  "CallQualityControlTask.QualityControlTask.Ref_sa_File": "File",
  "CallQualityControlTask.QualityControlTask.picard": "String",
  "CallQualityControlTask.QualityControlTask.Ref_fai_File": "File",
  "CallQualityControlTask.QualityControlTask.failure_logs": "String"
}
