{
  "CallBlock1Tasks.align.RefAnn": "/projects/mgc/Project_1/KIK/Testing_Sentieon_2018/Reference/Homo_sapiens_assembly38.fasta.ann",
  "CallBlock1Tasks.align.RefSa": "/projects/mgc/Project_1/KIK/Testing_Sentieon_2018/Reference/Homo_sapiens_assembly38.fasta.sa",
  "CallBlock1Tasks.trimseq.Threads": "40",
  "CallBlock1Tasks.trimseq.InputRead2": "/projects/mgc/Project_1/KIK/MayomicsVC/NEAT_R2.fq.gz",
  "CallBlock1Tasks.align.Threads": "40",
  "CallBlock1Tasks.dedup.SentieonLicense": "bwlm3.ncsa.illinois.edu:8989",
  "CallBlock1Tasks.align.SampleName": "NEAT_chr20_21_22",
  "CallBlock1Tasks.dedup.DebugMode": "-d",
  "CallBlock1Tasks.dedup.Sentieon": "/usr/local/apps/bioapps/sentieon/sentieon-genomics-201711.02",
  "CallBlock1Tasks.align.PairedEnd": "true",
  "CallBlock1Tasks.trimseq.CutAdapt": "/usr/local/apps/bioapps/python/Python-3.6.1/bin",
  "CallBlock1Tasks.dedup.DedupScript": "/projects/mgc/Project_1/ram/CromwellWDL_WorkFlow_Development/WorkflowCodes/MayomicsVC/src/bash_scripts/dedup.sh",
  "CallBlock1Tasks.align.RefBwt": "/projects/mgc/Project_1/KIK/Testing_Sentieon_2018/Reference/Homo_sapiens_assembly38.fasta.bwt",
  "CallBlock1Tasks.dedup.SampleName": "NEAT_chr20_21_22",
  "CallBlock1Tasks.trimseq.InputRead1": "/projects/mgc/Project_1/KIK/MayomicsVC/NEAT_R1.fq.gz",
  "CallBlock1Tasks.trimseq.TrimSeqScript": "/projects/mgc/Project_1/ram/CromwellWDL_WorkFlow_Development/WorkflowCodes/MayomicsVC/src/bash_scripts/trim_sequences.sh",
  "CallBlock1Tasks.trimseq.PairedEnd": "true",
  "CallBlock1Tasks.align.Sentieon": "/usr/local/apps/bioapps/sentieon/sentieon-genomics-201711.02",
  "CallBlock1Tasks.align.DebugMode": "-d",
  "CallBlock1Tasks.align.Ref": "/projects/mgc/Project_1/KIK/Testing_Sentieon_2018/Reference/Homo_sapiens_assembly38.fasta",
  "CallBlock1Tasks.dedup.Threads": "40",
  "CallBlock1Tasks.align.Platform": "ILLUMINA",
  "CallBlock1Tasks.align.Group": "NEAT_sim",
  "CallBlock1Tasks.align.AlignmentScript": "/projects/mgc/Project_1/ram/CromwellWDL_WorkFlow_Development/WorkflowCodes/MayomicsVC/src/bash_scripts/alignment.sh",
  "CallBlock1Tasks.align.RefPac": "/projects/mgc/Project_1/KIK/Testing_Sentieon_2018/Reference/Homo_sapiens_assembly38.fasta.pac",
  "CallBlock1Tasks.trimseq.Adapters": "/projects/bioinformatics/MRW/MayomicsVC-Dev/test_inputs/toy_adapters.fa",
  "CallBlock1Tasks.align.RefAmb": "/projects/mgc/Project_1/KIK/Testing_Sentieon_2018/Reference/Homo_sapiens_assembly38.fasta.amb",
  "CallBlock1Tasks.trimseq.SampleName": "NEAT_chr20_21_22",
  "CallBlock1Tasks.trimseq.DebugMode": "-d",
  "CallBlock1Tasks.align.SentieonLicense": "bwlm3.ncsa.illinois.edu:8989"
}
